index,id
0,100206
1,100307
2,100408
3,100610
4,101006
5,101107
6,101309
7,101410
8,101915
9,102008
10,102109
11,102311
12,102513
13,102614
14,102715
15,102816
16,103010
17,103111
18,103212
19,103414
20,103515
21,103818
22,104012
23,104416
24,104820
25,105014
26,105115
27,105216
28,105620
29,105923
30,106016
31,106319
32,106521
33,106824
34,107018
35,107321
36,107422
37,107725
38,108020
39,108121
40,108222
41,108323
42,108525
43,108828
44,109123
45,109830
46,110007
47,110411
48,110613
49,111009
50,111211
51,111312
52,111413
53,111514
54,111716
55,112112
56,112314
57,112819
58,112920
59,113215
60,113316
61,113619
62,113821
63,113922
64,114116
65,114217
66,114318
67,114419
68,114621
69,114823
70,115017
71,115219
72,115320
73,115724
74,115825
75,116221
76,116423
77,116524
78,116726
79,117021
80,117122
81,117324
82,117930
83,118023
84,118124
85,118225
86,118528
87,118730
88,118831
89,118932
90,119025
91,119126
92,119732
93,119833
94,120010
95,120111
96,120212
97,120414
98,120515
99,121416
100,121618
101,121719
102,121921
103,122317
104,122418
105,122620
106,122822
107,123117
108,123420
109,123521
110,123723
111,123824
112,123925
113,124220
114,124422
115,124624
116,124826
117,125222
118,125424
119,125525
120,126325
121,126426
122,126628
123,127226
124,127327
125,127630
126,127731
127,127832
128,127933
129,128026
130,128127
131,128632
132,128935
133,129028
134,129129
135,129331
136,129634
137,129937
138,130013
139,130114
140,130316
141,130417
142,130518
143,130619
144,130720
145,130821
146,130922
147,131217
148,131419
149,131722
150,131823
151,131924
152,132017
153,132118
154,133019
155,133625
156,133827
157,133928
158,134021
159,134223
160,134324
161,134425
162,134627
163,134728
164,134829
165,135124
166,135225
167,135528
168,135629
169,135730
170,135932
171,136126
172,136227
173,136631
174,136732
175,136833
176,137027
177,137128
178,137431
179,137633
180,137936
181,138130
182,138231
183,138332
184,138534
185,138837
186,139233
187,139435
188,139637
189,139839
190,140117
191,140319
192,140420
193,140824
194,140925
195,141119
196,141826
197,142828
198,143224
199,143325
200,143426
201,143830
202,144226
203,144428
204,144731
205,144832
206,144933
207,145127
208,145632
209,145834
210,146129
211,146331
212,146432
213,146533
214,146634
215,146735
216,146836
217,146937
218,147030
219,147636
220,147737
221,148032
222,148133
223,148335
224,148436
225,148840
226,148941
227,149236
228,149337
229,149539
230,149741
231,149842
232,150019
233,150524
234,150625
235,150726
236,150928
237,151021
238,151223
239,151324
240,151425
241,151526
242,151627
243,151728
244,151930
245,152225
246,153025
247,153126
248,153429
249,153631
250,153732
251,153833
252,153934
253,154229
254,154330
255,154431
256,154532
257,154734
258,154835
259,154936
260,155231
261,155635
262,155938
263,156031
264,156233
265,156334
266,156435
267,156536
268,156637
269,157336
270,157437
271,157942
272,158035
273,158136
274,158338
275,158540
276,158843
277,159138
278,159239
279,159340
280,159441
281,159744
282,159946
283,160123
284,160729
285,160830
286,160931
287,161327
288,161630
289,161731
290,161832
291,162026
292,162228
293,162329
294,162733
295,162935
296,163129
297,163331
298,163432
299,163836
300,164030
301,164131
302,164636
303,164939
304,165032
305,165436
306,165638
307,165840
308,165941
309,166438
310,166640
311,167036
312,167238
313,167440
314,167743
315,168139
316,168240
317,168341
318,168745
319,168947
320,169040
321,169343
322,169444
323,169545
324,169747
325,169949
326,170631
327,170934
328,171330
329,171431
330,171532
331,171633
332,172029
333,172130
334,172332
335,172433
336,172534
337,172635
338,172938
339,173132
340,173233
341,173334
342,173435
343,173536
344,173637
345,173738
346,173839
347,173940
348,174437
349,174841
350,175035
351,175136
352,175237
353,175338
354,175439
355,175540
356,175742
357,176037
358,176239
359,176441
360,176542
361,176744
362,176845
363,177140
364,177241
365,177342
366,177645
367,177746
368,178142
369,178243
370,178647
371,178748
372,178849
373,178950
374,179245
375,179346
376,179548
377,179952
378,180129
379,180230
380,180432
381,180533
382,180735
383,180836
384,180937
385,181131
386,181232
387,181636
388,182032
389,182436
390,182739
391,182840
392,183034
393,183337
394,183741
395,185038
396,185139
397,185341
398,185442
399,185846
400,185947
401,186040
402,186141
403,186444
404,186545
405,186848
406,187143
407,187345
408,187547
409,187850
410,188145
411,188347
412,188448
413,188549
414,188751
415,189349
416,189450
417,189652
418,190031
419,191033
420,191235
421,191336
422,191437
423,191841
424,191942
425,192035
426,192136
427,192237
428,192439
429,192540
430,192641
431,192843
432,193239
433,193441
434,193845
435,194140
436,194443
437,194645
438,194746
439,194847
440,195041
441,195445
442,195647
443,195849
444,195950
445,196144
446,196346
447,196750
448,196851
449,196952
450,197348
451,197550
452,197651
453,198047
454,198249
455,198350
456,198451
457,198653
458,198855
459,199150
460,199251
461,199352
462,199453
463,199655
464,199958
465,200008
466,200109
467,200210
468,200311
469,200513
470,200614
471,200917
472,201111
473,201414
474,201515
475,201818
476,202113
477,202719
478,202820
479,203418
480,203923
481,204016
482,204218
483,204319
484,204420
485,204521
486,204622
487,205119
488,205220
489,205725
490,205826
491,206222
492,206323
493,206525
494,206727
495,206828
496,206929
497,207123
498,207426
499,208024
500,208125
501,208226
502,208327
503,208428
504,208630
505,209127
506,209228
507,209329
508,209834
509,209935
510,210011
511,210112
512,210415
513,210617
514,211114
515,211215
516,211316
517,211417
518,211619
519,211720
520,211821
521,211922
522,212015
523,212116
524,212217
525,212318
526,212419
527,213017
528,213421
529,213522
530,214019
531,214221
532,214423
533,214524
534,214625
535,214726
536,217126
537,217429
538,220721
539,221319
540,223929
541,224022
542,227432
543,227533
544,228434
545,231928
546,233326
547,236130
548,237334
549,238033
550,239944
551,245333
552,246133
553,248238
554,249947
555,250427
556,250932
557,251833
558,255639
559,255740
560,256540
561,257542
562,257845
563,257946
564,263436
565,268749
566,268850
567,270332
568,274542
569,275645
570,280739
571,280941
572,283543
573,284646
574,285345
575,286347
576,286650
577,287248
578,289555
579,290136
580,293748
581,295146
582,298051
583,298455
584,299154
585,299760
586,300618
587,300719
588,303119
589,303624
590,304020
591,304727
592,305830
593,307127
594,308129
595,308331
596,309636
597,310621
598,311320
599,314225
600,316633
601,316835
602,317332
603,318637
604,320826
605,321323
606,322224
607,325129
608,329440
609,329844
610,330324
611,333330
612,334635
613,336841
614,339847
615,341834
616,342129
617,346137
618,346945
619,349244
620,350330
621,351938
622,352132
623,352738
624,353740
625,355239
626,356948
627,358144
628,360030
629,361234
630,361941
631,362034
632,365343
633,366042
634,366446
635,368551
636,368753
637,371843
638,376247
639,377451
640,378756
641,378857
642,379657
643,380036
644,381038
645,381543
646,382242
647,385046
648,385450
649,386250
650,387959
651,389357
652,390645
653,391748
654,392447
655,392750
656,393247
657,393550
658,394956
659,395251
660,395756
661,395958
662,397154
663,397760
664,397861
665,401422
666,406432
667,406836
668,412528
669,414229
670,415837
671,419239
672,421226
673,422632
674,424939
675,429040
676,436239
677,436845
678,441939
679,445543
680,448347
681,449753
682,453441
683,453542
684,454140
685,456346
686,459453
687,461743
688,462139
689,465852
690,467351
691,468050
692,469961
693,473952
694,475855
695,479762
696,480141
697,481042
698,481951
699,485757
700,486759
701,492754
702,495255
703,497865
704,499566
705,500222
706,506234
707,510225
708,510326
709,512835
710,513130
711,513736
712,516742
713,517239
714,518746
715,519647
716,519950
717,520228
718,521331
719,523032
720,524135
721,525541
722,529549
723,529953
724,530635
725,531536
726,531940
727,536647
728,540436
729,541640
730,541943
731,545345
732,547046
733,548250
734,549757
735,550439
736,552241
737,553344
738,555348
739,555651
740,555954
741,557857
742,558657
743,558960
744,559053
745,559457
746,561242
747,561444
748,561949
749,562345
750,562446
751,565452
752,566454
753,567052
754,567759
755,567961
756,568963
757,569965
758,570243
759,571144
760,571548
761,572045
762,573249
763,573451
764,576255
765,578057
766,578158
767,579665
768,579867
769,580044
770,580347
771,580650
772,580751
773,581349
774,581450
775,583858
776,585256
777,585862
778,586460
779,587664
780,588565
781,589567
782,590047
783,592455
784,594156
785,597869
786,598568
787,599065
788,599469
789,599671
790,601127
791,604537
792,609143
793,611938
794,613538
795,614439
796,615441
797,615744
798,616645
799,617748
800,618952
801,620434
802,622236
803,623844
804,626648
805,627549
806,627852
807,628248
808,633847
809,634748
810,635245
811,638049
812,644044
813,644246
814,645450
815,645551
816,647858
817,654350
818,654552
819,654754
820,656253
821,656657
822,657659
823,660951
824,663755
825,664757
826,665254
827,667056
828,668361
829,671855
830,672756
831,673455
832,675661
833,677766
834,677968
835,679568
836,679770
837,680250
838,680452
839,680957
840,683256
841,685058
842,686969
843,687163
844,688569
845,692964
846,693461
847,693764
848,694362
849,695768
850,698168
851,700634
852,701535
853,702133
854,704238
855,705341
856,706040
857,707749
858,709551
859,713239
860,715041
861,715647
862,715950
863,720337
864,723141
865,724446
866,725751
867,727553
868,727654
869,728454
870,729254
871,729557
872,731140
873,732243
874,734045
875,735148
876,737960
877,742549
878,744553
879,748258
880,748662
881,749058
882,749361
883,751348
884,751550
885,753150
886,753251
887,756055
888,757764
889,759869
890,760551
891,761957
892,763557
893,765056
894,765864
895,766563
896,767464
897,769064
898,770352
899,771354
900,773257
901,774663
902,779370
903,782561
904,783462
905,784565
906,786569
907,788674
908,788876
909,789373
910,792564
911,792766
912,792867
913,793465
914,800941
915,802844
916,803240
917,804646
918,809252
919,810439
920,810843
921,812746
922,814548
923,814649
924,815247
925,816653
926,818455
927,818859
928,820745
929,825048
930,825553
931,825654
932,826353
933,826454
934,827052
935,828862
936,832651
937,833148
938,833249
939,835657
940,837560
941,837964
942,841349
943,843151
944,844961
945,845458
946,849264
947,849971
948,852455
949,856463
950,856766
951,856968
952,857263
953,859671
954,861456
955,865363
956,867468
957,869472
958,870861
959,871762
960,871964
961,872158
962,872562
963,872764
964,873968
965,877168
966,877269
967,878776
968,878877
969,880157
970,882161
971,884064
972,885975
973,886674
974,887373
975,888678
976,889579
977,891667
978,894067
979,894673
980,894774
981,896778
982,896879
983,898176
984,899885
985,901038
986,901139
987,901442
988,902242
989,904044
990,905147
991,907656
992,908860
993,910241
994,910443
995,911849
996,912447
997,917255
998,917558
999,919966
1000,922854
1001,923755
1002,926862
1003,927359
1004,929464
1005,930449
1006,932554
1007,933253
1008,937160
1009,942658
1010,943862
1011,947668
1012,951457
1013,952863
1014,955465
1015,957974
1016,958976
1017,959574
1018,962058
1019,965367
1020,965771
1021,966975
1022,969476
1023,970764
1024,971160
1025,972566
1026,973770
1027,978578
1028,979984
1029,983773
1030,984472
1031,987074
1032,987983
1033,989987
1034,990366
1035,991267
1036,992673
1037,992774
1038,993675
1039,994273
1040,995174
1041,996782